{
  "id": "1722370",
  "name": "no name",
  "font_family": "iconfont",
  "css_prefix_text": "icon-",
  "description": "",
  "glyphs": [
    {
      "icon_id": "144145",
      "name": "tag",
      "font_class": "tag",
      "unicode": "e644",
      "unicode_decimal": 58948
    },
    {
      "icon_id": "372259",
      "name": "cc-tag",
      "font_class": "cc-tag",
      "unicode": "e6a3",
      "unicode_decimal": 59043
    },
    {
      "icon_id": "745360",
      "name": "article",
      "font_class": "article",
      "unicode": "e611",
      "unicode_decimal": 58897
    },
    {
      "icon_id": "959464",
      "name": "comment",
      "font_class": "comment",
      "unicode": "e656",
      "unicode_decimal": 58966
    },
    {
      "icon_id": "1251447",
      "name": "tag",
      "font_class": "tag1",
      "unicode": "e6af",
      "unicode_decimal": 59055
    },
    {
      "icon_id": "1350453",
      "name": "sq-reply",
      "font_class": "icons-",
      "unicode": "e664",
      "unicode_decimal": 58980
    },
    {
      "icon_id": "1393733",
      "name": "reply",
      "font_class": "reply",
      "unicode": "e714",
      "unicode_decimal": 59156
    },
    {
      "icon_id": "1425579",
      "name": "comment",
      "font_class": "pinglun",
      "unicode": "e60a",
      "unicode_decimal": 58890
    },
    {
      "icon_id": "1441742",
      "name": "comment",
      "font_class": "zixundianji",
      "unicode": "e612",
      "unicode_decimal": 58898
    },
    {
      "icon_id": "2837649",
      "name": "role",
      "font_class": "role",
      "unicode": "e61c",
      "unicode_decimal": 58908
    },
    {
      "icon_id": "3970033",
      "name": "Reply",
      "font_class": "reply1",
      "unicode": "e6f6",
      "unicode_decimal": 59126
    },
    {
      "icon_id": "4868899",
      "name": "comment",
      "font_class": "comment1",
      "unicode": "e607",
      "unicode_decimal": 58887
    },
    {
      "icon_id": "6072734",
      "name": "User Settings",
      "font_class": "UserSettings",
      "unicode": "e68c",
      "unicode_decimal": 59020
    },
    {
      "icon_id": "7275151",
      "name": "email (Filled)",
      "font_class": "emailFilled",
      "unicode": "e647",
      "unicode_decimal": 58951
    },
    {
      "icon_id": "7532080",
      "name": "reply",
      "font_class": "reply2",
      "unicode": "e60e",
      "unicode_decimal": 58894
    },
    {
      "icon_id": "7684693",
      "name": "article",
      "font_class": "article1",
      "unicode": "e672",
      "unicode_decimal": 58994
    },
    {
      "icon_id": "8327093",
      "name": "Comment (alt)",
      "font_class": "Commentalt",
      "unicode": "e657",
      "unicode_decimal": 58967
    },
    {
      "icon_id": "10793041",
      "name": "system",
      "font_class": "system",
      "unicode": "e61d",
      "unicode_decimal": 58909
    },
    {
      "icon_id": "11538075",
      "name": "reply@",
      "font_class": "reply3",
      "unicode": "e67c",
      "unicode_decimal": 59004
    },
    {
      "icon_id": "14472082",
      "name": "category",
      "font_class": "category",
      "unicode": "e605",
      "unicode_decimal": 58885
    },
    {
      "icon_id": "11488038",
      "name": "email",
      "font_class": "email",
      "unicode": "e74f",
      "unicode_decimal": 59215
    },
    {
      "icon_id": "11488087",
      "name": "password",
      "font_class": "password",
      "unicode": "e75b",
      "unicode_decimal": 59227
    }
  ]
}
